FY Ending Dec 31,Employer Contributions,Covered employee payroll,Plan Fiduciary Net Position,Total Pension Liability
2019.00000,581936012.00000,1228986864.00000,3162428863.00000,14789602350.00000
2018.00000,589635278.00000,1205324445.00000,2905179841.00000,13313258366.00000
2017.00000,494580430.00000,1150406094.00000,3122066293.00000,13454462563.00000
2016.00000,273840486.00000,1119526987.00000,2865018804.00000,13113091688.00000
2015.00000,575927645.00000,1086607979.00000,3058949037.00000,12032733000.00000
2014.00000,178158132.00000,1074333318.00000,3062014322.00000,11773430559.00000
2013.00000,179521259.00000,1015426128.00000,3265200554.00000,10282338599.00000
2012.00000,197885552.00000,1015170686.00000,3213433234.00000,10051827391.00000
2011.00000,174034600.00000,1034403526.00000,3175508681.00000,9522395036.00000
